"Original Filename","New Filename","Service Area","Industry","AI Confidence"
"Q12023Tanks1.png","GBI_SMP_Mining-Aggregates_001.png","SMP","Mining & Aggregates",""
"Q12023Tanks3.jpg","GBI_Tank_Mining-Aggregates_001.jpg","Tank","Mining & Aggregates",""
"Q12024Tanks1.png","GBI_Tank_Power_001.png","Tank","Power",""
"Q12024Tanks2.png","GBI_Tank_Water-Other_001.png","Tank","Water & Other",""
"Q12025Electrical1.png","GBI_Electrical_Water-Other_001.png","Electrical","Water & Other",""
"Q12025Electrical2.png","GBI_Electrical_Water-Other_002.png","Electrical","Water & Other",""
"Q12025ElectricalAustin1.png","GBI_Electrical_Water-Other_003.png","Electrical","Water & Other",""
"Q12025ElectricalAustin2.png","GBI_Electrical_Water-Other_004.png","Electrical","Water & Other",""
"Q12025ElectricalAustin3.png","GBI_Electrical_Water-Other_005.png","Electrical","Water & Other",""
"Q12025Fabrication1.png","GBI_Tank_Water-Other_002.png","Tank","Water & Other",""
"Q12025Fabrication3.jpg","GBI_Tank_OilGasChem_001.jpg","Tank","Oil, Gas & Chemical",""
"Q12025Fabrication4.jpg","GBI_Tank_Mining-Aggregates_002.jpg","Tank","Mining & Aggregates",""
"Q12025Fabrication5.jpg","GBI_Tank_Mining-Aggregates_003.jpg","Tank","Mining & Aggregates",""
"Q12025Fabrication6.png","GBI_SMP_OilGasChem_001.png","SMP","Oil, Gas & Chemical",""
"Q12025Railroad1.png","GBI_Railroad_OilGasChem_001.png","Railroad","Oil, Gas & Chemical",""
"Q12025Railroad2.png","GBI_Railroad_OilGasChem_002.png","Railroad","Oil, Gas & Chemical",""
"Q12025Railroad4.png","GBI_Railroad_Water-Other_001.png","Railroad","Water & Other",""
"Q12025Railroad5.png","GBI_Railroad_OilGasChem_003.png","Railroad","Oil, Gas & Chemical",""
"Q12025SMP1.png","GBI_SMP_Mining-Aggregates_002.png","SMP","Mining & Aggregates",""
"Q12025Tanks1.png","GBI_Tank_OilGasChem_002.png","Tank","Oil, Gas & Chemical",""
"Q12025Tanks2.jpg","GBI_Tank_Water-Other_003.jpg","Tank","Water & Other",""
"Q12025Tanks3.png","GBI_Tank_Mining-Aggregates_004.png","Tank","Mining & Aggregates",""
"Q12026Electrical1.png","GBI_Electrical_OilGasChem_001.png","Electrical","Oil, Gas & Chemical",""
"Q12026Electrical2.png","GBI_Electrical_OilGasChem_002.png","Electrical","Oil, Gas & Chemical",""
"Q12026Electrical3.png","GBI_Electrical_OilGasChem_003.png","Electrical","Oil, Gas & Chemical",""
"Q12026Electrical4.png","GBI_Electrical_OilGasChem_004.png","Electrical","Oil, Gas & Chemical",""
"Q12026ElectricalAustin1.png","GBI_Electrical_AdvancedFacilities_001.png","Electrical","Advanced Facilities",""
"Q12026ElectricalAustin2.png","GBI_Electrical_Water-Other_006.png","Electrical","Water & Other",""
"Q12026ElectricalAustin3.png","GBI_Electrical_AdvancedFacilities_002.png","Electrical","Advanced Facilities",""
"Q12026ElectricalAustin4.png","GBI_Electrical_Water-Other_007.png","Electrical","Water & Other",""
"Q12026Fabrication1.png","GBI_SMP_Mining-Aggregates_003.png","SMP","Mining & Aggregates",""
"Q12026Fabrication2.png","GBI_Tank_Mining-Aggregates_005.png","Tank","Mining & Aggregates",""
"Q12026Fabrication3.png","GBI_Tank_Water-Other_004.png","Tank","Water & Other",""
"Q12026Fabrication4.png","GBI_Tank_Water-Other_005.png","Tank","Water & Other",""
"Q12026Fabrication5.png","GBI_SMP_Water-Other_001.png","SMP","Water & Other",""
"Q12026Railroad1.png","GBI_Railroad_Mining-Aggregates_001.png","Railroad","Mining & Aggregates",""
"Q12026Railroad2.png","GBI_Railroad_Mining-Aggregates_002.png","Railroad","Mining & Aggregates",""
"Q12026Railroad3.png","GBI_Railroad_Water-Other_002.png","Railroad","Water & Other",""
"Q12026SMP1.png","GBI_SMP_Power_001.png","SMP","Power",""
"Q12026Tanks1.png","GBI_Tank_Mining-Aggregates_006.png","Tank","Mining & Aggregates",""
"Q12026Tanks2.png","GBI_Tank_OilGasChem_003.png","Tank","Oil, Gas & Chemical",""
"Q12026Tanks3.png","GBI_Tank_Mining-Aggregates_007.png","Tank","Mining & Aggregates",""
"Q12026Tanks4.png","GBI_Tank_Mining-Aggregates_008.png","Tank","Mining & Aggregates",""
"Q22025Electrical1.jpg","GBI_Electrical_OilGasChem_005.jpg","Electrical","Oil, Gas & Chemical",""
"Q22025Electrical2.jpg","GBI_Electrical_OilGasChem_006.jpg","Electrical","Oil, Gas & Chemical",""
"Q22025Electrical3.jpg","GBI_Electrical_OilGasChem_007.jpg","Electrical","Oil, Gas & Chemical",""
"Q22025ElectricalAustin1.png","GBI_Electrical_AdvancedFacilities_003.png","Electrical","Advanced Facilities",""
"Q22025ElectricalAustin2.png","GBI_Electrical_AdvancedFacilities_004.png","Electrical","Advanced Facilities",""
"Q22025ElectricalAustin3.png","GBI_Electrical_AdvancedFacilities_005.png","Electrical","Advanced Facilities",""
"Q22025Fabrication1.jpg","GBI_Tank_Mining-Aggregates_009.jpg","Tank","Mining & Aggregates",""
"Q22025Fabrication2.png","GBI_Tank_Mining-Aggregates_010.png","Tank","Mining & Aggregates",""
"Q22025Railroad2.png","GBI_Railroad_Mining-Aggregates_003.png","Railroad","Mining & Aggregates",""
"Q22025Railroad3.png","GBI_Railroad_OilGasChem_004.png","Railroad","Oil, Gas & Chemical",""
"Q22025SMP1.png","GBI_Tank_Mining-Aggregates_011.png","Tank","Mining & Aggregates",""
"Q22025SMP2.jpg","GBI_Tank_OilGasChem_004.jpg","Tank","Oil, Gas & Chemical",""
"Q22025SMP3.png","GBI_SMP_OilGasChem_002.png","SMP","Oil, Gas & Chemical",""
"Q22025SMP4.png","GBI_SMP_OilGasChem_003.png","SMP","Oil, Gas & Chemical",""
"Q22025SMP5.png","GBI_SMP_Mining-Aggregates_004.png","SMP","Mining & Aggregates",""
"Q22025SMP6.png","GBI_SMP_Mining-Aggregates_005.png","SMP","Mining & Aggregates",""
"Q22025Tanks1.jpg","GBI_Tank_Mining-Aggregates_012.jpg","Tank","Mining & Aggregates",""
"Q22025Tanks2.jpg","GBI_Tank_Water-Other_006.jpg","Tank","Water & Other",""
"Q22026Electrical1.png","GBI_Electrical_Water-Other_008.png","Electrical","Water & Other",""
"Q22026Electrical2.png","GBI_Electrical_OilGasChem_008.png","Electrical","Oil, Gas & Chemical",""
"Q22026Electrical3.png","GBI_Electrical_OilGasChem_009.png","Electrical","Oil, Gas & Chemical",""
"Q22026Electrical4.png","GBI_Electrical_Water-Other_009.png","Electrical","Water & Other",""
"Q22026ElectricalAustin1.png","GBI_Electrical_AdvancedFacilities_006.png","Electrical","Advanced Facilities",""
"Q22026ElectricalAustin2.png","GBI_Electrical_Water-Other_010.png","Electrical","Water & Other",""
"Q22026ElectricalAustin3.png","GBI_Electrical_AdvancedFacilities_007.png","Electrical","Advanced Facilities",""
"Q22026ElectricalAustin4.png","GBI_Electrical_Water-Other_011.png","Electrical","Water & Other",""
"Q22026ElectricalAustin5.png","GBI_Electrical_Water-Other_012.png","Electrical","Water & Other",""
"Q22026Fabrication1.png","GBI_Tank_Mining-Aggregates_013.png","Tank","Mining & Aggregates",""
"Q22026Fabrication2.png","GBI_Tank_Mining-Aggregates_014.png","Tank","Mining & Aggregates",""
"Q22026Railroad1.png","GBI_Railroad_Water-Other_003.png","Railroad","Water & Other",""
"Q22026Railroad3.png","GBI_Railroad_Mining-Aggregates_004.png","Railroad","Mining & Aggregates",""
"Q22026SMP1.png","GBI_SMP_AdvancedFacilities_001.png","SMP","Advanced Facilities",""
"Q22026SMP2.png","GBI_SMP_AdvancedFacilities_002.png","SMP","Advanced Facilities",""
"Q22026SMP3.png","GBI_SMP_AdvancedFacilities_003.png","SMP","Advanced Facilities",""
"Q22026SMP4.jpg","GBI_SMP_OilGasChem_004.jpg","SMP","Oil, Gas & Chemical",""
"Q22026Tanks1.png","GBI_Tank_Water-Other_007.png","Tank","Water & Other",""
"Q22026Tanks2.png","GBI_Tank_Water-Other_008.png","Tank","Water & Other",""
"Q22026Tanks3.png","GBI_Tank_AdvancedFacilities_001.png","Tank","Advanced Facilities",""
"Q22026Tanks4.png","GBI_Tank_Mining-Aggregates_015.png","Tank","Mining & Aggregates",""
"Q22026Tanks5.png","GBI_Tank_OilGasChem_005.png","Tank","Oil, Gas & Chemical",""
"Q22026Tanks6.png","GBI_Tank_OilGasChem_006.png","Tank","Oil, Gas & Chemical",""
"Q22026Tanks7.png","GBI_Tank_OilGasChem_007.png","Tank","Oil, Gas & Chemical",""
"Q22026Tanks8.png","GBI_Tank_OilGasChem_008.png","Tank","Oil, Gas & Chemical",""
"Q32023ElectricalAustin1.jpg","GBI_Electrical_Water-Other_013.jpg","Electrical","Water & Other",""
"Q32023ElectricalAustin2.jpg","GBI_Electrical_Water-Other_014.jpg","Electrical","Water & Other",""
"Q32023Industrial1.jpg","GBI_SMP_Power_002.jpg","SMP","Power",""
"Q32023Industrial2.jpg","GBI_Tank_Water-Other_009.jpg","Tank","Water & Other",""
"Q32023Industrial3.jpg","GBI_Tank_Water-Other_010.jpg","Tank","Water & Other",""
"Q32023Industrial4.png","GBI_SMP_Water-Other_002.png","SMP","Water & Other",""
"Q32023Industrial5.jpg","GBI_Electrical_OilGasChem_010.jpg","Electrical","Oil, Gas & Chemical",""
"Q32023Industrial6.jpg","GBI_Electrical_OilGasChem_011.jpg","Electrical","Oil, Gas & Chemical",""
"Q32023Industrial7.jpg","GBI_Electrical_OilGasChem_012.jpg","Electrical","Oil, Gas & Chemical",""
"Q32023Railroad1.png","GBI_Railroad_Mining-Aggregates_005.png","Railroad","Mining & Aggregates",""
"Q32023Tanks1.jpg","GBI_Tank_OilGasChem_009.jpg","Tank","Oil, Gas & Chemical",""
"Q32023Tanks2.jpg","GBI_Tank_OilGasChem_010.jpg","Tank","Oil, Gas & Chemical",""
"Q32023Tanks3.jpg","GBI_Tank_OilGasChem_011.jpg","Tank","Oil, Gas & Chemical",""
"Q32023Tanks4.jpg","GBI_Tank_OilGasChem_012.jpg","Tank","Oil, Gas & Chemical",""
"Q32023Tanks5.jpg","GBI_Tank_OilGasChem_013.jpg","Tank","Oil, Gas & Chemical",""
"Q32023Tanks6.jpg","GBI_SMP_Mining-Aggregates_006.jpg","SMP","Mining & Aggregates",""
"Q32023Tanks7.jpg","GBI_Tank_Mining-Aggregates_016.jpg","Tank","Mining & Aggregates",""
"Q32023Tanks8.jpg","GBI_Tank_Mining-Aggregates_017.jpg","Tank","Mining & Aggregates",""
"Q32023Tanks9.jpg","GBI_Tank_Mining-Aggregates_018.jpg","Tank","Mining & Aggregates",""
"Q32024Electrical1.png","GBI_Electrical_OilGasChem_013.png","Electrical","Oil, Gas & Chemical",""
"Q32024ElectricalAustin1.jpg","GBI_Electrical_Water-Other_015.jpg","Electrical","Water & Other",""
"Q32024ElectricalAustin2.png","GBI_Electrical_Water-Other_016.png","Electrical","Water & Other",""
"Q32024ElectricalAustin3.jpg","GBI_Electrical_AdvancedFacilities_008.jpg","Electrical","Advanced Facilities",""
"Q32024ElectricalAustin4.png","GBI_Electrical_AdvancedFacilities_009.png","Electrical","Advanced Facilities",""
"Q32024Railroad1.jpg","GBI_Railroad_Mining-Aggregates_006.jpg","Railroad","Mining & Aggregates",""
"Q32024Railroad2.jpg","GBI_Railroad_Mining-Aggregates_007.jpg","Railroad","Mining & Aggregates",""
"Q32024Railroad3.jpg","GBI_Railroad_Mining-Aggregates_008.jpg","Railroad","Mining & Aggregates",""
"Q32024Railroad4.jpg","GBI_Railroad_Mining-Aggregates_009.jpg","Railroad","Mining & Aggregates",""
"Q32024Railroad5.jpg","GBI_Railroad_Mining-Aggregates_010.jpg","Railroad","Mining & Aggregates",""
"Q32024Railroad6.jpg","GBI_Railroad_Water-Other_004.jpg","Railroad","Water & Other",""
"Q32024SMP1.png","GBI_SMP_Mining-Aggregates_007.png","SMP","Mining & Aggregates",""
"Q32024SMP2.png","GBI_SMP_Mining-Aggregates_008.png","SMP","Mining & Aggregates",""
"Q32024SMP3.jpg","GBI_Tank_Water-Other_011.jpg","Tank","Water & Other",""
"Q32024SMP4.jpg","GBI_Tank_Water-Other_012.jpg","Tank","Water & Other",""
"Q32024SMP5.jpg","GBI_Tank_Water-Other_013.jpg","Tank","Water & Other",""
"Q32024Tanks1.png","GBI_Tank_Mining-Aggregates_019.png","Tank","Mining & Aggregates",""
"Q32024Tanks2.png","GBI_Tank_OilGasChem_014.png","Tank","Oil, Gas & Chemical",""
"Q32024Tanks3.png","GBI_Tank_Mining-Aggregates_020.png","Tank","Mining & Aggregates",""
"Q32024Tanks4.png","GBI_Tank_Mining-Aggregates_021.png","Tank","Mining & Aggregates",""
"Q32024Tanks5.png","GBI_Tank_Mining-Aggregates_022.png","Tank","Mining & Aggregates",""
"Q32024Tanks6.png","GBI_Tank_OilGasChem_015.png","Tank","Oil, Gas & Chemical",""
"Q32025Electrical1.jpg","GBI_Electrical_Water-Other_017.jpg","Electrical","Water & Other",""
"Q32025Electrical2.jpg","GBI_Electrical_Water-Other_018.jpg","Electrical","Water & Other",""
"Q32025ElectricalAustin1.jpg","GBI_Electrical_Water-Other_019.jpg","Electrical","Water & Other",""
"Q32025ElectricalAustin2.jpg","GBI_Electrical_Water-Other_020.jpg","Electrical","Water & Other",""
"Q32025Fabrication1.png","GBI_Tank_Mining-Aggregates_023.png","Tank","Mining & Aggregates",""
"Q32025Fabrication2.png","GBI_Tank_Water-Other_014.png","Tank","Water & Other",""
"Q32025Railroad1.png","GBI_Railroad_Water-Other_005.png","Railroad","Water & Other",""
"Q32025Railroad2.png","GBI_Railroad_Mining-Aggregates_011.png","Railroad","Mining & Aggregates",""
"Q32025Railroad3.png","GBI_Railroad_Mining-Aggregates_012.png","Railroad","Mining & Aggregates",""
"Q32025Railroad4.png","GBI_Railroad_Mining-Aggregates_013.png","Railroad","Mining & Aggregates",""
"Q32025Railroad6.png","GBI_Tank_Mining-Aggregates_024.png","Tank","Mining & Aggregates",""
"Q32025Railroad8.png","GBI_Railroad_Water-Other_006.png","Railroad","Water & Other",""
"Q32025Railroad10.png","GBI_Railroad_Mining-Aggregates_014.png","Railroad","Mining & Aggregates",""
"Q32025SMP1.png","GBI_Tank_Mining-Aggregates_025.png","Tank","Mining & Aggregates",""
"Q32025SMP3.png","GBI_SMP_Power_003.png","SMP","Power",""
"Q32025SMP4.png","GBI_SMP_Power_004.png","SMP","Power",""
"Q32025SMP5.png","GBI_Tank_Mining-Aggregates_026.png","Tank","Mining & Aggregates",""
"Q32025SMP6.png","GBI_SMP_OilGasChem_005.png","SMP","Oil, Gas & Chemical",""
"Q32025Tanks1.jpg","GBI_Tank_Mining-Aggregates_027.jpg","Tank","Mining & Aggregates",""
"Q32025Tanks2.jpg","GBI_Tank_Mining-Aggregates_028.jpg","Tank","Mining & Aggregates",""
"Q32025Tanks3.png","GBI_Tank_Water-Other_015.png","Tank","Water & Other",""
"Q42023ElectricalAustin1.png","GBI_Electrical_AdvancedFacilities_010.png","Electrical","Advanced Facilities",""
"Q42023ElectricalAustin2.png","GBI_Electrical_AdvancedFacilities_011.png","Electrical","Advanced Facilities",""
"Q42023ElectricalAustin3.png","GBI_Electrical_AdvancedFacilities_012.png","Electrical","Advanced Facilities",""
"Q42023Railroad1.jpg","GBI_Railroad_Mining-Aggregates_015.jpg","Railroad","Mining & Aggregates",""
"Q42023Railroad2.jpg","GBI_Railroad_Mining-Aggregates_016.jpg","Railroad","Mining & Aggregates",""
"Q42023Tanks1.png","GBI_SMP_Water-Other_003.png","SMP","Water & Other",""
"Q42023Tanks2.jpg","GBI_SMP_Mining-Aggregates_009.jpg","SMP","Mining & Aggregates",""
"Q42023Tanks3.jpg","GBI_Tank_Power_002.jpg","Tank","Power",""
"Q42023Tanks4.jpg","GBI_Tank_Water-Other_016.jpg","Tank","Water & Other",""
"Q42023Tanks5.jpg","GBI_Electrical_OilGasChem_014.jpg","Electrical","Oil, Gas & Chemical",""
"Q42023Tanks6.jpg","GBI_Electrical_OilGasChem_015.jpg","Electrical","Oil, Gas & Chemical",""
"Q42023Tanks7.jpg","GBI_Tank_OilGasChem_016.jpg","Tank","Oil, Gas & Chemical",""
"Q42024Electrical1.png","GBI_Electrical_Water-Other_021.png","Electrical","Water & Other",""
"Q42024Electrical2.png","GBI_Electrical_OilGasChem_016.png","Electrical","Oil, Gas & Chemical",""
"Q42024ElectricalAustin1.png","GBI_Electrical_Water-Other_022.png","Electrical","Water & Other",""
"Q42024ElectricalAustin2.png","GBI_Electrical_Water-Other_023.png","Electrical","Water & Other",""
"Q42024ElectricalAustin3.png","GBI_Electrical_Water-Other_024.png","Electrical","Water & Other",""
"Q42024Railroad1.jpg","GBI_Railroad_Mining-Aggregates_017.jpg","Railroad","Mining & Aggregates",""
"Q42024Railroad2.jpg","GBI_Railroad_Water-Other_007.jpg","Railroad","Water & Other",""
"Q42024Railroad3.jpg","GBI_Railroad_Mining-Aggregates_018.jpg","Railroad","Mining & Aggregates",""
"Q42024SMP1.png","GBI_Electrical_OilGasChem_017.png","Electrical","Oil, Gas & Chemical",""
"Q42024SMP2.png","GBI_SMP_Water-Other_004.png","SMP","Water & Other",""
"Q42024Tanks1.jpg","GBI_Tank_Mining-Aggregates_029.jpg","Tank","Mining & Aggregates",""
"Q42024Tanks2.jpg","GBI_Tank_OilGasChem_017.jpg","Tank","Oil, Gas & Chemical",""
"Q42024Tanks3.jpg","GBI_Tank_OilGasChem_018.jpg","Tank","Oil, Gas & Chemical",""
"Q42024Tanks4.jpg","GBI_Tank_OilGasChem_019.jpg","Tank","Oil, Gas & Chemical",""
"Q42024Tanks5.jpg","GBI_Tank_OilGasChem_020.jpg","Tank","Oil, Gas & Chemical",""
"Q42024Tanks6.jpg","GBI_Tank_OilGasChem_021.jpg","Tank","Oil, Gas & Chemical",""
"Q42024Tanks7.jpg","GBI_Tank_OilGasChem_022.jpg","Tank","Oil, Gas & Chemical",""
"Q42024Tanks8.jpg","GBI_Tank_OilGasChem_023.jpg","Tank","Oil, Gas & Chemical",""
"Q42024Tanks9.jpg","GBI_Tank_OilGasChem_024.jpg","Tank","Oil, Gas & Chemical",""
"Q42024Tanks10.png","GBI_Tank_OilGasChem_025.png","Tank","Oil, Gas & Chemical",""
"Q42024Tanks11.jpg","GBI_Tank_OilGasChem_026.jpg","Tank","Oil, Gas & Chemical",""
"Q42024Tanks12.png","GBI_Tank_OilGasChem_027.png","Tank","Oil, Gas & Chemical",""
"Q42024Tanks13.png","GBI_Tank_OilGasChem_028.png","Tank","Oil, Gas & Chemical",""
"Q42025Electrical1.png","GBI_Electrical_OilGasChem_018.png","Electrical","Oil, Gas & Chemical",""
"Q42025Electrical2.png","GBI_Electrical_OilGasChem_019.png","Electrical","Oil, Gas & Chemical",""
"Q42025Electrical3.png","GBI_Electrical_Water-Other_025.png","Electrical","Water & Other",""
"Q42025Electrical4.png","GBI_Electrical_OilGasChem_020.png","Electrical","Oil, Gas & Chemical",""
"Q42025Electrical5.png","GBI_Electrical_OilGasChem_021.png","Electrical","Oil, Gas & Chemical",""
"Q42025ElectricalAustin1.png","GBI_Electrical_AdvancedFacilities_013.png","Electrical","Advanced Facilities",""
"Q42025ElectricalAustin2.png","GBI_Electrical_AdvancedFacilities_014.png","Electrical","Advanced Facilities",""
"Q42025Engineering1.png","GBI_Tank_Water-Other_017.png","Tank","Water & Other",""
"Q42025Railroad1.png","GBI_Railroad_Water-Other_008.png","Railroad","Water & Other",""
"Q42025Railroad2.png","GBI_Railroad_Mining-Aggregates_019.png","Railroad","Mining & Aggregates",""
"Q42025Railroad3.png","GBI_Railroad_Mining-Aggregates_020.png","Railroad","Mining & Aggregates",""
"Q42025SMP1.gif","GBI_SMP_Power_005.gif","SMP","Power",""
"Q42025SMP2.jpg","GBI_SMP_OilGasChem_006.jpg","SMP","Oil, Gas & Chemical",""
"Q42025SMP3.jpg","GBI_SMP_OilGasChem_007.jpg","SMP","Oil, Gas & Chemical",""
"Q42025SMP4.jpg","GBI_SMP_OilGasChem_008.jpg","SMP","Oil, Gas & Chemical",""
"Q42025Tanks1.jpg","GBI_Tank_Mining-Aggregates_030.jpg","Tank","Mining & Aggregates",""
"Q42025Tanks2.jpg","GBI_Tank_Mining-Aggregates_031.jpg","Tank","Mining & Aggregates",""
"Q42025Tanks3.jpg","GBI_Tank_Mining-Aggregates_032.jpg","Tank","Mining & Aggregates",""
"Q42025Tanks4.jpg","GBI_Tank_Water-Other_018.jpg","Tank","Water & Other",""
"Q42025Tanks5.jpg","GBI_Tank_Mining-Aggregates_033.jpg","Tank","Mining & Aggregates",""
"Q42025Tanks6.png","GBI_SMP_Water-Other_005.png","SMP","Water & Other",""
"Q42025Tanks7.jpg","GBI_Tank_Mining-Aggregates_034.jpg","Tank","Mining & Aggregates",""
"Q42025Tanks8.jpg","GBI_Tank_Mining-Aggregates_035.jpg","Tank","Mining & Aggregates",""
"Q42025Tanks9.jpg","GBI_Tank_Water-Other_019.jpg","Tank","Water & Other",""
"Q42025Tanks10.jpg","GBI_Tank_Mining-Aggregates_036.jpg","Tank","Mining & Aggregates",""
"Q42025Tanks11.jpg","GBI_Tank_Mining-Aggregates_037.jpg","Tank","Mining & Aggregates",""
"Q42025Tanks12.jpg","GBI_Tank_Water-Other_020.jpg","Tank","Water & Other",""